{
    "Accuracy": 0.9467787114845938,
    "Precision": 0.9402173913043478,
    "Recall": 0.9558011049723757,
    "F1-Score": 0.947945205479452,
    "MCC": 0.8936377974040706,
    "Kappa": 0.8935114683580074,
    "Mean Absolute Error": 0.05322128851540616,
    "Root Mean Squared Error": 0.23069739598748434,
    "Confusion Matrix": [
        [
            165,
            11
        ],
        [
            8,
            173
        ]
    ],
    "params": {
        "kernel": "rbf",
        "gamma": "scale",
        "class_weight": "balanced",
        "C": 0.1
    }
}