{
    "Accuracy": 0.957983193277311,
    "Precision": 0.9715909090909091,
    "Recall": 0.9447513812154696,
    "F1-Score": 0.957983193277311,
    "MCC": 0.9163422903063787,
    "ROC AUC": 0.9581711451531892,
    "Confusion Matrix": [
        [
            171,
            5
        ],
        [
            10,
            171
        ]
    ],
    "params": {
        "dropout_rate": 0.3,
        "hidden_dim1": 64,
        "hidden_dim2": 64,
        "lr": 0.001,
        "weight_decay": 0.0001
    }
}