{
    "Accuracy": 0.9663865546218487,
    "Precision": 0.9774011299435028,
    "Recall": 0.9558011049723757,
    "F1-Score": 0.9664804469273743,
    "MCC": 0.9330152570335041,
    "ROC AUC": 0.9665369161225515,
    "Confusion Matrix": [
        [
            172,
            4
        ],
        [
            8,
            173
        ]
    ],
    "params": {
        "dropout_rate": 0.3,
        "hidden_dim1": 64,
        "hidden_dim2": 32,
        "lr": 0.0005,
        "weight_decay": 1e-05
    }
}