{
    "Accuracy": 0.9502762430939227,
    "Precision": 0.9405405405405406,
    "Recall": 0.9613259668508287,
    "F1-Score": 0.9508196721311475,
    "MCC": 0.9007724751950507,
    "Kappa": 0.9005524861878453,
    "Mean Absolute Error": 0.049723756906077346,
    "Root Mean Squared Error": 0.2229882438741499,
    "Confusion Matrix": [
        [
            170,
            11
        ],
        [
            7,
            174
        ]
    ],
    "params": {
        "kernel": "rbf",
        "gamma": "scale",
        "class_weight": "balanced",
        "C": 0.1
    }
}