{
    "Accuracy": 0.9523809523809523,
    "Precision": 0.9505494505494505,
    "Recall": 0.9558011049723757,
    "F1-Score": 0.953168044077135,
    "MCC": 0.9047499490728541,
    "Kappa": 0.9047357433249094,
    "Mean Absolute Error": 0.047619047619047616,
    "Root Mean Squared Error": 0.21821789023599236,
    "Confusion Matrix": [
        [
            167,
            9
        ],
        [
            8,
            173
        ]
    ],
    "params": {
        "var_smoothing": 1e-09
    }
}